/*
SQLyog Ultimate v8.53 
MySQL - 5.5.20 : Database - llloa
*********************************************************************
*/

/*!40101 SET NAMES utf8 */;

/*!40101 SET SQL_MODE=''*/;

/*!40014 SET @OLD_UNIQUE_CHECKS=@@UNIQUE_CHECKS, UNIQUE_CHECKS=0 */;
/*!40014 SET @OLD_FOREIGN_KEY_CHECKS=@@FOREIGN_KEY_CHECKS, FOREIGN_KEY_CHECKS=0 */;
/*!40101 SET @OLD_SQL_MODE=@@SQL_MODE, SQL_MODE='NO_AUTO_VALUE_ON_ZERO' */;
/*!40111 SET @OLD_SQL_NOTES=@@SQL_NOTES, SQL_NOTES=0 */;
CREATE DATABASE /*!32312 IF NOT EXISTS*/`llloa` /*!40100 DEFAULT CHARACTER SET utf8 */;

USE `llloa`;

/*Table structure for table `yl_config` */

DROP TABLE IF EXISTS `yl_config`;

CREATE TABLE `yl_config` (
  `var_id` int(11) NOT NULL AUTO_INCREMENT,
  `var_name` varchar(20) NOT NULL,
  `var_value` varchar(800) NOT NULL,
  `var_desc` varchar(300) NOT NULL,
  `ch_code` char(1) NOT NULL,
  `var_type` char(1) NOT NULL,
  PRIMARY KEY (`var_id`)
) ENGINE=InnoDB AUTO_INCREMENT=2 DEFAULT CHARSET=utf8;

/*Data for the table `yl_config` */

insert  into `yl_config`(`var_id`,`var_name`,`var_value`,`var_desc`,`ch_code`,`var_type`) values (1,'cfg_webname','雅玲OA系统','系统平台名称','1','1');

/*Table structure for table `yl_logs` */

DROP TABLE IF EXISTS `yl_logs`;

CREATE TABLE `yl_logs` (
  `log_id` mediumint(9) NOT NULL AUTO_INCREMENT,
  `content` text NOT NULL,
  `ipaddr` varchar(20) NOT NULL,
  `in_date` datetime NOT NULL,
  `user_name` varchar(20) NOT NULL,
  PRIMARY KEY (`log_id`)
) ENGINE=InnoDB AUTO_INCREMENT=398 DEFAULT CHARSET=utf8;

/*Data for the table `yl_logs` */

insert  into `yl_logs`(`log_id`,`content`,`ipaddr`,`in_date`,`user_name`) values (134,'清空日志成功','127.0.0.1','2013-06-15 14:49:12','lll'),(135,'操作权限新增成功','127.0.0.1','2013-06-15 14:49:34','lll'),(136,'操作权限新增成功','127.0.0.1','2013-06-15 14:50:17','lll'),(137,'操作权限新增成功','127.0.0.1','2013-06-15 14:50:46','lll'),(138,'操作权限新增成功','127.0.0.1','2013-06-15 14:51:17','lll'),(139,'操作权限新增成功','127.0.0.1','2013-06-15 14:51:38','lll'),(140,'操作权限新增成功','127.0.0.1','2013-06-15 14:54:13','lll'),(141,'操作权限新增成功','127.0.0.1','2013-06-15 14:54:36','lll'),(142,'操作权限新增成功','127.0.0.1','2013-06-15 14:54:51','lll'),(143,'操作权限新增成功','127.0.0.1','2013-06-15 14:55:24','lll'),(144,'用户登入成功','127.0.0.1','2013-06-15 20:19:11','lll'),(145,'菜单修改成功','127.0.0.1','2013-06-15 20:25:15','lll'),(146,'用户登入成功','127.0.0.1','2013-06-15 20:50:18','lll'),(147,'用户登入成功','127.0.0.1','2013-06-15 20:53:11','lll'),(148,'用户修改成功','127.0.0.1','2013-06-15 20:54:01','lll'),(149,'用户修改成功','127.0.0.1','2013-06-15 20:55:26',''),(150,'用户登入成功','127.0.0.1','2013-06-15 20:55:31','lll'),(151,'用户修改成功','127.0.0.1','2013-06-15 20:57:57','lll'),(153,'日志删除成功','127.0.0.1','2013-06-15 21:26:09','lll'),(154,'用户登入成功','127.0.0.1','2013-06-15 21:32:13','lll'),(155,'菜单修改成功','127.0.0.1','2013-06-15 21:36:11','lll'),(156,'用户登出成功','127.0.0.1','2013-06-15 21:42:16','lll'),(157,'用户登出成功','127.0.0.1','2013-06-15 22:24:12',''),(158,'用户登出成功','127.0.0.1','2013-06-15 22:24:13',''),(159,'用户登出成功','127.0.0.1','2013-06-15 23:39:44',''),(160,'用户登入成功','127.0.0.1','2013-06-15 23:39:51','lll'),(161,'菜单排序成功','127.0.0.1','2013-06-15 23:48:05','lll'),(162,'菜单新增成功','127.0.0.1','2013-06-15 23:48:47','lll'),(163,'菜单新增成功','127.0.0.1','2013-06-15 23:49:15','lll'),(164,'操作权限新增成功','127.0.0.1','2013-06-15 23:54:24','lll'),(165,'操作权限删除成功','127.0.0.1','2013-06-15 23:54:58','lll'),(166,'用户登入成功','127.0.0.1','2013-06-15 23:56:31','lll'),(167,'用户登出成功','127.0.0.1','2013-06-15 23:57:51','lll'),(168,'用户登入成功','127.0.0.1','2013-06-15 23:57:54','lll'),(169,'角色新增成功','127.0.0.1','2013-06-16 00:36:19','lll'),(170,'角色删除成功','127.0.0.1','2013-06-16 00:37:42','lll'),(171,'角色新增成功','127.0.0.1','2013-06-16 00:38:01','lll'),(172,'部门排序成功','127.0.0.1','2013-06-16 00:40:28','lll'),(173,'部门排序成功','127.0.0.1','2013-06-16 00:40:50','lll'),(174,'部门排序成功','127.0.0.1','2013-06-16 00:41:17','lll'),(175,'部门排序成功','127.0.0.1','2013-06-16 00:41:27','lll'),(176,'部门排序成功','127.0.0.1','2013-06-16 00:41:49','lll'),(177,'部门排序成功','127.0.0.1','2013-06-16 00:42:11','lll'),(178,'部门排序成功','127.0.0.1','2013-06-16 00:42:16','lll'),(179,'部门排序成功','127.0.0.1','2013-06-16 00:43:18','lll'),(180,'部门排序成功','127.0.0.1','2013-06-16 00:43:28','lll'),(181,'部门排序成功','127.0.0.1','2013-06-16 00:43:42','lll'),(182,'部门排序成功','127.0.0.1','2013-06-16 00:43:51','lll'),(183,'部门排序成功','127.0.0.1','2013-06-16 00:46:35','lll'),(184,'部门排序成功','127.0.0.1','2013-06-16 00:46:46','lll'),(185,'用户登入成功','127.0.0.1','2013-06-16 00:47:30','lll'),(186,'部门排序成功','127.0.0.1','2013-06-16 00:47:37','lll'),(187,'部门排序成功','127.0.0.1','2013-06-16 00:47:52','lll'),(188,'部门排序成功','127.0.0.1','2013-06-16 00:48:16','lll'),(189,'部门排序成功','127.0.0.1','2013-06-16 00:48:22','lll'),(190,'部门排序成功','127.0.0.1','2013-06-16 00:48:33','lll'),(191,'部门排序成功','127.0.0.1','2013-06-16 00:48:36','lll'),(192,'部门排序成功','127.0.0.1','2013-06-16 00:49:31','lll'),(193,'部门排序成功','127.0.0.1','2013-06-16 00:49:35','lll'),(194,'部门排序成功','127.0.0.1','2013-06-16 00:49:57','lll'),(195,'部门排序成功','127.0.0.1','2013-06-16 00:50:00','lll'),(196,'部门排序成功','127.0.0.1','2013-06-16 00:50:37','lll'),(197,'部门排序成功','127.0.0.1','2013-06-16 00:50:40','lll'),(198,'部门排序成功','127.0.0.1','2013-06-16 00:50:42','lll'),(199,'部门排序成功','127.0.0.1','2013-06-16 00:51:28','lll'),(200,'部门排序成功','127.0.0.1','2013-06-16 00:51:31','lll'),(201,'部门排序成功','127.0.0.1','2013-06-16 00:51:33','lll'),(202,'部门排序成功','127.0.0.1','2013-06-16 00:52:01','lll'),(203,'部门排序成功','127.0.0.1','2013-06-16 00:52:03','lll'),(204,'部门排序成功','127.0.0.1','2013-06-16 00:52:06','lll'),(205,'部门排序成功','127.0.0.1','2013-06-16 00:52:18','lll'),(206,'部门排序成功','127.0.0.1','2013-06-16 00:52:24','lll'),(207,'部门排序成功','127.0.0.1','2013-06-16 00:53:06','lll'),(208,'部门排序成功','127.0.0.1','2013-06-16 00:53:09','lll'),(209,'部门排序成功','127.0.0.1','2013-06-16 00:53:12','lll'),(210,'部门排序成功','127.0.0.1','2013-06-16 00:53:23','lll'),(211,'部门排序成功','127.0.0.1','2013-06-16 00:53:31','lll'),(212,'部门排序成功','127.0.0.1','2013-06-16 00:53:36','lll'),(213,'部门排序成功','127.0.0.1','2013-06-16 00:53:40','lll'),(214,'部门排序成功','127.0.0.1','2013-06-16 00:53:42','lll'),(215,'部门排序成功','127.0.0.1','2013-06-16 00:53:47','lll'),(216,'部门排序成功','127.0.0.1','2013-06-16 00:53:53','lll'),(217,'部门排序成功','127.0.0.1','2013-06-16 00:53:56','lll'),(218,'部门排序成功','127.0.0.1','2013-06-16 00:53:59','lll'),(219,'部门排序成功','127.0.0.1','2013-06-16 00:54:07','lll'),(220,'部门排序成功','127.0.0.1','2013-06-16 00:54:14','lll'),(221,'部门新增成功','127.0.0.1','2013-06-16 00:54:26','lll'),(222,'部门删除成功','127.0.0.1','2013-06-16 00:55:03','lll'),(223,'部门删除成功','127.0.0.1','2013-06-16 00:55:49','lll'),(224,'部门删除成功','127.0.0.1','2013-06-16 00:55:53','lll'),(225,'部门删除成功','127.0.0.1','2013-06-16 00:55:58','lll'),(226,'部门删除成功','127.0.0.1','2013-06-16 00:56:05','lll'),(227,'部门删除成功','127.0.0.1','2013-06-16 00:56:28','lll'),(228,'部门删除成功','127.0.0.1','2013-06-16 00:56:38','lll'),(229,'部门删除成功','127.0.0.1','2013-06-16 00:56:48','lll'),(230,'部门删除成功','127.0.0.1','2013-06-16 00:56:51','lll'),(231,'部门删除成功','127.0.0.1','2013-06-16 00:56:55','lll'),(232,'部门删除成功','127.0.0.1','2013-06-16 00:57:34','lll'),(233,'部门删除成功','127.0.0.1','2013-06-16 00:57:38','lll'),(234,'部门删除成功','127.0.0.1','2013-06-16 00:57:41','lll'),(235,'部门删除成功','127.0.0.1','2013-06-16 00:57:45','lll'),(236,'部门删除成功','127.0.0.1','2013-06-16 00:57:54','lll'),(237,'部门删除成功','127.0.0.1','2013-06-16 00:57:59','lll'),(238,'部门排序成功','127.0.0.1','2013-06-16 00:58:10','lll'),(239,'部门排序成功','127.0.0.1','2013-06-16 00:58:17','lll'),(240,'部门排序成功','127.0.0.1','2013-06-16 00:58:35','lll'),(241,'部门排序成功','127.0.0.1','2013-06-16 00:58:39','lll'),(242,'部门排序成功','127.0.0.1','2013-06-16 00:58:44','lll'),(243,'部门排序成功','127.0.0.1','2013-06-16 00:59:04','lll'),(244,'部门排序成功','127.0.0.1','2013-06-16 00:59:07','lll'),(245,'部门排序成功','127.0.0.1','2013-06-16 00:59:08','lll'),(246,'部门排序成功','127.0.0.1','2013-06-16 00:59:09','lll'),(247,'部门排序成功','127.0.0.1','2013-06-16 00:59:10','lll'),(248,'部门排序成功','127.0.0.1','2013-06-16 00:59:11','lll'),(249,'部门排序成功','127.0.0.1','2013-06-16 00:59:11','lll'),(250,'部门排序成功','127.0.0.1','2013-06-16 00:59:12','lll'),(251,'部门排序成功','127.0.0.1','2013-06-16 00:59:13','lll'),(252,'部门排序成功','127.0.0.1','2013-06-16 00:59:13','lll'),(253,'部门排序成功','127.0.0.1','2013-06-16 00:59:14','lll'),(254,'部门排序成功','127.0.0.1','2013-06-16 00:59:14','lll'),(255,'部门排序成功','127.0.0.1','2013-06-16 00:59:14','lll'),(256,'部门排序成功','127.0.0.1','2013-06-16 00:59:15','lll'),(257,'部门排序成功','127.0.0.1','2013-06-16 00:59:15','lll'),(258,'部门排序成功','127.0.0.1','2013-06-16 00:59:16','lll'),(259,'部门排序成功','127.0.0.1','2013-06-16 00:59:16','lll'),(260,'部门排序成功','127.0.0.1','2013-06-16 00:59:17','lll'),(261,'部门排序成功','127.0.0.1','2013-06-16 00:59:17','lll'),(262,'部门排序成功','127.0.0.1','2013-06-16 00:59:18','lll'),(263,'部门排序成功','127.0.0.1','2013-06-16 00:59:19','lll'),(264,'部门排序成功','127.0.0.1','2013-06-16 00:59:19','lll'),(265,'部门排序成功','127.0.0.1','2013-06-16 00:59:19','lll'),(266,'部门排序成功','127.0.0.1','2013-06-16 00:59:20','lll'),(267,'部门排序成功','127.0.0.1','2013-06-16 00:59:20','lll'),(268,'部门排序成功','127.0.0.1','2013-06-16 00:59:21','lll'),(269,'部门排序成功','127.0.0.1','2013-06-16 00:59:21','lll'),(270,'部门排序成功','127.0.0.1','2013-06-16 00:59:21','lll'),(271,'部门排序成功','127.0.0.1','2013-06-16 00:59:22','lll'),(272,'部门排序成功','127.0.0.1','2013-06-16 00:59:22','lll'),(273,'部门排序成功','127.0.0.1','2013-06-16 00:59:22','lll'),(274,'部门排序成功','127.0.0.1','2013-06-16 00:59:22','lll'),(275,'部门排序成功','127.0.0.1','2013-06-16 00:59:58','lll'),(276,'部门排序成功','127.0.0.1','2013-06-16 01:00:27','lll'),(277,'用户登出成功','127.0.0.1','2013-06-16 01:03:47','lll'),(278,'用户登入成功','127.0.0.1','2013-06-16 01:03:55','tttttt'),(279,'用户登出成功','127.0.0.1','2013-06-16 01:04:57','tttttt'),(280,'用户登入成功','127.0.0.1','2013-06-16 01:05:12','lll'),(281,'用户删除成功','127.0.0.1','2013-06-16 01:05:23','lll'),(282,'部门排序成功','127.0.0.1','2013-06-16 01:05:48','lll'),(283,'部门排序成功','127.0.0.1','2013-06-16 01:06:13','lll'),(284,'部门排序成功','127.0.0.1','2013-06-16 01:09:44','lll'),(286,'日志删除成功','127.0.0.1','2013-06-16 01:12:48','lll'),(287,'用户登入成功','127.0.0.1','2013-06-19 23:10:49','lll'),(288,'常用操作新增成功','127.0.0.1','2013-06-19 23:14:42','lll'),(289,'常用操作删除成功','127.0.0.1','2013-06-19 23:14:48','lll'),(290,'常用操作新增成功','127.0.0.1','2013-06-19 23:14:55','lll'),(291,'常用操作修改成功','127.0.0.1','2013-06-19 23:15:01','lll'),(292,'用户登入成功','127.0.0.1','2013-06-19 23:26:55','lll'),(293,'用户登入成功','127.0.0.1','2013-06-19 23:33:35','lll'),(294,'常用操作排序成功','127.0.0.1','2013-06-19 23:33:42','lll'),(295,'常用操作新增成功','127.0.0.1','2013-06-19 23:33:56','lll'),(296,'常用操作排序成功','127.0.0.1','2013-06-19 23:34:03','lll'),(297,'用户登入成功','127.0.0.1','2013-06-20 22:21:52','lll'),(298,'用户登入成功','127.0.0.1','2013-06-20 22:21:53','lll'),(299,'用户登入成功','127.0.0.1','2013-06-20 22:25:21','lll'),(300,'用户登入成功','127.0.0.1','2013-06-20 22:46:13','lll'),(301,'常用操作新增成功','127.0.0.1','2013-06-20 22:46:20','lll'),(302,'常用操作删除成功','127.0.0.1','2013-06-20 22:46:28','lll'),(303,'常用操作新增成功','127.0.0.1','2013-06-20 22:46:49','lll'),(304,'常用操作新增成功','127.0.0.1','2013-06-20 22:48:26','lll'),(305,'操作权限修改成功','127.0.0.1','2013-06-20 22:49:09','lll'),(306,'常用操作新增成功','127.0.0.1','2013-06-20 22:49:20','lll'),(307,'常用操作新增成功','127.0.0.1','2013-06-20 23:01:50','lll'),(308,'常用操作新增成功','127.0.0.1','2013-06-20 23:05:35','lll'),(309,'常用操作删除成功','127.0.0.1','2013-06-20 23:17:09','lll'),(310,'用户登入成功','127.0.0.1','2013-06-20 23:23:55','lll'),(311,'常用操作删除成功','127.0.0.1','2013-06-20 23:47:33','lll'),(312,'用户登入成功','127.0.0.1','2013-07-28 09:38:40','lll'),(313,'用户登出成功','127.0.0.1','2013-07-28 09:38:46','lll'),(314,'用户登入成功','127.0.0.1','2013-07-28 09:38:57','lll'),(315,'用户登入成功','127.0.0.1','2013-08-03 22:17:04','lll'),(316,'用户登入成功','127.0.0.1','2013-08-03 23:27:44','lll'),(317,'用户登入成功','127.0.0.1','2013-08-04 14:21:46','lll'),(318,'用户登入成功','127.0.0.1','2013-08-04 14:23:57','lll'),(319,'用户登入成功','127.0.0.1','2013-08-04 14:31:16','lll'),(320,'系统参数新增成功','127.0.0.1','2013-08-04 14:32:42','lll'),(321,'系统参数删除成功','127.0.0.1','2013-08-04 14:32:47','lll'),(322,'用户登入成功','127.0.0.1','2013-08-04 14:35:33','lll'),(323,'系统参数修改成功','127.0.0.1','2013-08-04 14:58:38','lll'),(324,'用户登出成功','127.0.0.1','2013-08-04 14:58:48','lll'),(325,'用户登入成功','127.0.0.1','2013-08-04 14:58:56','lll'),(326,'系统参数修改成功','127.0.0.1','2013-08-04 14:59:41','lll'),(327,'系统参数修改成功','127.0.0.1','2013-08-04 15:00:06','lll'),(328,'用户登入成功','127.0.0.1','2013-08-04 23:48:56','lll'),(329,'用户登入成功','127.0.0.1','2013-08-05 00:00:12','lll'),(330,'系统参数修改成功','127.0.0.1','2013-08-05 00:06:58','lll'),(331,'系统参数修改成功','127.0.0.1','2013-08-05 00:07:29',''),(332,'用户登入成功','127.0.0.1','2013-08-05 00:07:40','lll'),(333,'用户登入成功','127.0.0.1','2013-08-05 22:04:23','lll'),(334,'菜单删除成功','127.0.0.1','2013-08-05 22:11:59','lll'),(335,'系统参数值新增成功','127.0.0.1','2013-08-05 22:23:56','lll'),(336,'系统参数值新增成功','127.0.0.1','2013-08-05 22:24:28','lll'),(337,'系统参数修改成功','127.0.0.1','2013-08-05 22:38:38','lll'),(338,'系统参数新增成功','127.0.0.1','2013-08-05 22:39:39','lll'),(339,'用户登入成功','127.0.0.1','2013-08-05 22:41:59','lll'),(340,'用户登入成功','127.0.0.1','2013-08-05 22:45:55','lll'),(341,'系统参数值新增成功','127.0.0.1','2013-08-05 22:46:17','lll'),(342,'系统参数值修改成功','127.0.0.1','2013-08-05 22:51:00','lll'),(343,'系统参数值修改成功','127.0.0.1','2013-08-05 22:52:06','lll'),(344,'系统参数值修改成功','127.0.0.1','2013-08-05 22:55:22','lll'),(345,'系统参数值修改成功','127.0.0.1','2013-08-05 22:57:09','lll'),(346,'系统参数值修改成功','127.0.0.1','2013-08-05 22:57:27','lll'),(347,'系统参数值新增成功','127.0.0.1','2013-08-05 22:57:41','lll'),(348,'系统参数值新增成功','127.0.0.1','2013-08-05 22:58:31','lll'),(349,'系统参数值新增成功','127.0.0.1','2013-08-05 22:59:20','lll'),(350,'系统参数值删除成功','127.0.0.1','2013-08-05 22:59:55','lll'),(351,'系统参数值新增成功','127.0.0.1','2013-08-05 23:00:43','lll'),(352,'系统参数值新增成功','127.0.0.1','2013-08-05 23:10:04','lll'),(353,'系统参数值修改成功','127.0.0.1','2013-08-05 23:13:27','lll'),(354,'系统参数值新增成功','127.0.0.1','2013-08-05 23:13:52','lll'),(355,'系统参数值删除成功','127.0.0.1','2013-08-05 23:16:18','lll'),(356,'系统参数值删除成功','127.0.0.1','2013-08-05 23:17:36','lll'),(357,'系统参数值删除成功','127.0.0.1','2013-08-05 23:17:52','lll'),(358,'系统参数值新增成功','127.0.0.1','2013-08-05 23:18:00','lll'),(359,'系统参数值新增成功','127.0.0.1','2013-08-05 23:18:10','lll'),(360,'系统参数值删除成功','127.0.0.1','2013-08-05 23:18:15','lll'),(361,'系统参数值新增成功','127.0.0.1','2013-08-05 23:30:12','lll'),(362,'系统参数值修改成功','127.0.0.1','2013-08-05 23:30:20','lll'),(363,'系统参数删除成功','127.0.0.1','2013-08-05 23:30:45','lll'),(364,'系统参数新增成功','127.0.0.1','2013-08-05 23:32:43','lll'),(365,'系统参数值新增成功','127.0.0.1','2013-08-05 23:33:04','lll'),(366,'系统参数值新增成功','127.0.0.1','2013-08-05 23:33:15','lll'),(367,'用户登入成功','127.0.0.1','2013-08-10 08:49:27','lll'),(368,'系统参数删除成功','127.0.0.1','2013-08-10 08:49:41','lll'),(369,'系统参数修改成功','127.0.0.1','2013-08-10 08:49:55','lll'),(370,'系统参数值删除成功','127.0.0.1','2013-08-10 08:50:03','lll'),(371,'系统参数值新增成功','127.0.0.1','2013-08-10 08:50:43','lll'),(372,'系统参数值新增成功','127.0.0.1','2013-08-10 08:52:25','lll'),(373,'系统参数修改成功','127.0.0.1','2013-08-10 08:53:21','lll'),(374,'鐢ㄦ埛鐧诲叆鎴愬姛','0:0:0:0:0:0:0:1','2013-08-18 00:57:39','lll'),(375,'用户登出成功','0:0:0:0:0:0:0:1','2013-08-18 00:58:51',''),(376,'用户登入成功','0:0:0:0:0:0:0:1','2013-08-18 00:59:00','lll'),(377,'用户登出成功','0:0:0:0:0:0:0:1','2013-08-18 01:02:17','lll'),(378,'用户登入成功','0:0:0:0:0:0:0:1','2013-08-20 21:47:15','lll'),(379,'用户登入成功','127.0.0.1','2013-08-24 14:23:38','lll'),(380,'用户登入成功','127.0.0.1','2013-08-24 15:02:08','lll'),(381,'系统配置新增成功','127.0.0.1','2013-08-24 15:06:34','lll'),(382,'系统配置修改成功','127.0.0.1','2013-08-24 15:08:03','lll'),(383,'用户登入成功','127.0.0.1','2013-08-24 15:30:33','lll'),(384,'用户登入成功','127.0.0.1','2013-08-24 23:01:50','lll'),(385,'系统配置修改成功','127.0.0.1','2013-08-24 23:15:27','lll'),(386,'系统配置修改成功','127.0.0.1','2013-08-24 23:15:32','lll'),(387,'系统配置修改成功','127.0.0.1','2013-08-24 23:15:45','lll'),(388,'用户登入成功','127.0.0.1','2013-08-24 23:18:30','lll'),(389,'系统配置新增成功','127.0.0.1','2013-08-24 23:20:14','lll'),(390,'系统配置修改成功','127.0.0.1','2013-08-24 23:20:21','lll'),(391,'系统配置删除成功','127.0.0.1','2013-08-24 23:29:08','lll'),(392,'用户登入成功','127.0.0.1','2013-08-24 23:32:47','lll'),(393,'用户登出成功','127.0.0.1','2013-08-24 23:39:48',''),(394,'用户登入成功','127.0.0.1','2013-08-24 23:39:55','lll'),(395,'用户登入成功','127.0.0.1','2013-08-25 19:37:56','lll'),(396,'用户登入成功','127.0.0.1','2013-08-25 19:52:59','lll'),(397,'用户登入成功','127.0.0.1','2016-01-02 23:34:10','lll');

/*Table structure for table `yl_menu` */

DROP TABLE IF EXISTS `yl_menu`;

CREATE TABLE `yl_menu` (
  `menu_id` char(10) COLLATE utf8_bin NOT NULL,
  `menu_name` varchar(20) COLLATE utf8_bin DEFAULT NULL,
  `syscode` char(3) COLLATE utf8_bin DEFAULT NULL,
  `up_menu_id` char(10) COLLATE utf8_bin DEFAULT NULL,
  `menu_level` char(1) COLLATE utf8_bin DEFAULT NULL,
  `sort_no` int(11) DEFAULT NULL,
  `url` varchar(100) COLLATE utf8_bin DEFAULT NULL,
  `target` varchar(10) COLLATE utf8_bin DEFAULT NULL,
  PRIMARY KEY (`menu_id`)
) ENGINE=InnoDB DEFAULT CHARSET=utf8 COLLATE=utf8_bin;

/*Data for the table `yl_menu` */

insert  into `yl_menu`(`menu_id`,`menu_name`,`syscode`,`up_menu_id`,`menu_level`,`sort_no`,`url`,`target`) values ('1111144443','我执行的任务','sys','2323232222','3',1,'#','_self'),('1112224678','新建任务','sys','2323232222','3',3,'#','_self'),('1121211112','系统管理','sys','1111111111','1',7,'###','_self'),('1212212222','工作日程','sys','5656565666','3',1,'#','_self'),('1268317436','首页','sys','1111111111','1',1,'admin/manager/index.action','_self'),('1325121777','日志管理','sys','1121211112','2',5,'admin/logs/index.action','_self'),('1364386116','权限管理','sys','1121211112','2',6,'#','_self'),('1864581173','操作权限','sys','1364386116','3',2,'admin/roleright/index.action','_self'),('2222233344','公共信息','sys','1111111111','1',3,'#','_self'),('2321316283','角色管理','sys','1364386116','3',1,'admin/role/index.action','_self'),('2323232222','任务管理','sys','2323444555','2',2,'#','_self'),('2323444555','个人办公','sys','1111111111','1',2,'#','_self'),('2716345387','常用操作管理','sys','1268317436','2',1,'admin/oftenoperate/index.action','_self'),('3368345788','用户管理','sys','1121211112','2',2,'admin/user/index.action','_self'),('3445566765','计划总结','sys','5656565666','3',3,'#','_self'),('4375864855','系统配置管理','sys','1121211112','2',0,'admin/config/index.action','_self'),('4444444555','人事管理','sys','1111111111','1',4,'#','_self'),('4568146414','系统参数管理','sys','1121211112','2',0,'admin/parach/index.action','_self'),('5242671211','管理中心首页','sys','1268317436','2',0,'admin/manager/index.action','_self'),('5556676119','菜单管理','sys','1121211112','2',1,'admin/menu/index.action','_self'),('5656565666','日程计划','sys','2323444555','2',1,'#','_self'),('5656566666','行政办公','sys','1111111111','1',5,'#','_self'),('6254426834','部门管理','sys','1121211112','2',4,'admin/organize/index.action','_self'),('6767888232','工作日志','sys','5656565666','3',2,'#','_self'),('6817844587','职位管理','sys','1121211112','2',3,'admin/position/index.action','_self'),('7777454533','项目管理','sys','2323232222','3',4,'#','_self'),('7878788888','邮件管理','sys','1111111111','1',6,'#','_self'),('8888845453','我分配的任务','sys','2323232222','3',2,'#','_self');

/*Table structure for table `yl_oftenoperate` */

DROP TABLE IF EXISTS `yl_oftenoperate`;

CREATE TABLE `yl_oftenoperate` (
  `trade_id` mediumint(9) NOT NULL AUTO_INCREMENT,
  `sort_no` int(11) NOT NULL,
  `oper_name` varchar(30) NOT NULL,
  `oper_url` varchar(200) NOT NULL,
  PRIMARY KEY (`trade_id`)
) ENGINE=InnoDB AUTO_INCREMENT=20 DEFAULT CHARSET=utf8;

/*Data for the table `yl_oftenoperate` */

insert  into `yl_oftenoperate`(`trade_id`,`sort_no`,`oper_name`,`oper_url`) values (16,1,'菜单列表','admin/menu/index.action?one_menu_id=1121211112'),(17,1,'职位列表','admin/position/index.action?one_menu_id=1121211112'),(18,1,'操作权限列表','admin/roleright/index.action?one_menu_id=1121211112'),(19,1,'操作权限新增','admin/roleright/add.action?one_menu_id=1121211112');

/*Table structure for table `yl_organize` */

DROP TABLE IF EXISTS `yl_organize`;

CREATE TABLE `yl_organize` (
  `org_id` char(10) NOT NULL,
  `org_name` varchar(50) NOT NULL,
  `up_org_id` char(10) NOT NULL,
  `org_level` char(1) NOT NULL,
  `sort_no` int(11) NOT NULL,
  `org_desc` varchar(300) DEFAULT NULL,
  PRIMARY KEY (`org_id`)
) ENGINE=InnoDB DEFAULT CHARSET=utf8;

/*Data for the table `yl_organize` */

insert  into `yl_organize`(`org_id`,`org_name`,`up_org_id`,`org_level`,`sort_no`,`org_desc`) values ('3218181268','销售部','1111111111','1',33,''),('3527524366','销售1部','3218181268','2',1,''),('4655233665','行政部','1111111111','1',33,''),('8516245154','销售2部','3218181268','2',33,'');

/*Table structure for table `yl_parach` */

DROP TABLE IF EXISTS `yl_parach`;

CREATE TABLE `yl_parach` (
  `ch_code` varchar(50) NOT NULL,
  `ch_name` varchar(50) NOT NULL,
  `is_edit` char(1) NOT NULL,
  `value_len` int(11) NOT NULL,
  PRIMARY KEY (`ch_code`)
) ENGINE=InnoDB DEFAULT CHARSET=utf8;

/*Data for the table `yl_parach` */

insert  into `yl_parach`(`ch_code`,`ch_name`,`is_edit`,`value_len`) values ('conf_type','系统配置类型','0',20);

/*Table structure for table `yl_paravalue` */

DROP TABLE IF EXISTS `yl_paravalue`;

CREATE TABLE `yl_paravalue` (
  `val_id` mediumint(9) NOT NULL AUTO_INCREMENT,
  `ch_code` varchar(50) NOT NULL,
  `val_key` varchar(50) NOT NULL,
  `val_value` varchar(500) NOT NULL,
  `rsrv1` varchar(50) DEFAULT NULL,
  `rsrv2` varchar(50) DEFAULT NULL,
  PRIMARY KEY (`val_id`)
) ENGINE=InnoDB AUTO_INCREMENT=17 DEFAULT CHARSET=utf8;

/*Data for the table `yl_paravalue` */

insert  into `yl_paravalue`(`val_id`,`ch_code`,`val_key`,`val_value`,`rsrv1`,`rsrv2`) values (10,'dfdf','ttttt','tttttt','',''),(12,'dfdf','errerer','erererer33333','',''),(13,'jianli','2222222','22','',''),(14,'jianli','3333','33','',''),(15,'conf_type','基本配置','1','',''),(16,'conf_type','附件设置','2','','');

/*Table structure for table `yl_position` */

DROP TABLE IF EXISTS `yl_position`;

CREATE TABLE `yl_position` (
  `pos_id` mediumint(11) NOT NULL AUTO_INCREMENT,
  `pos_name` varchar(50) NOT NULL,
  `sort_no` int(11) NOT NULL,
  `pos_desc` varchar(300) DEFAULT NULL,
  PRIMARY KEY (`pos_id`)
) ENGINE=InnoDB AUTO_INCREMENT=8 DEFAULT CHARSET=utf8;

/*Data for the table `yl_position` */

insert  into `yl_position`(`pos_id`,`pos_name`,`sort_no`,`pos_desc`) values (2,'销售专员',1,''),(5,'软件工程师',22,''),(6,'销售经理',21,''),(7,'项目经理',23,'');

/*Table structure for table `yl_role` */

DROP TABLE IF EXISTS `yl_role`;

CREATE TABLE `yl_role` (
  `role_id` int(11) NOT NULL AUTO_INCREMENT,
  `role_name` varchar(30) NOT NULL,
  `menu_right` text COMMENT '菜单标识串',
  `oper_right` text COMMENT '权限标识串',
  `remark` varchar(200) DEFAULT NULL,
  PRIMARY KEY (`role_id`)
) ENGINE=InnoDB AUTO_INCREMENT=8 DEFAULT CHARSET=utf8;

/*Data for the table `yl_role` */

insert  into `yl_role`(`role_id`,`role_name`,`menu_right`,`oper_right`,`remark`) values (1,'系统管理配置人员','2323444555,5656565666,1212212222,6767888232,3445566765,2323232222,1111144443,8888845453,1112224678,7777454533,2222233344,4444444555,5656566666,7878788888,1121211112,5556676119,3368345788,6817844587,6254426834,1325121777,1364386116,2321316283,1864581173','6767459867,4565623245,3445465674,2232322216',''),(2,'菜单编辑人员','7878788888,1121211112,5556676119,3368345788,6817844587,6254426834,1364386116,2321316283','6767459867,4565623245,3445465674',''),(3,'资讯发布编辑','2323444555','6767459867','232323'),(4,'仓库管理操作员','2323444555,5656565666,1212212222,6767888232,3445566765,2323232222,1111144443,8888845453,1112224678,7777454533,2222233344,4444444555,5656566666,7878788888,1121211112,5556676119,3368345788,6817844587,6254426834,1325121777,1364386116,2321316283,1864581173','6767459867,4565623245,3445465674,2232322216',''),(5,'人力资源操作员','2323444555,5656565666,1212212222,6767888232,3445566765,1111144443,8888845453','4565623245,3445465674,2232322216',''),(7,'23232323',NULL,NULL,'');

/*Table structure for table `yl_roleright` */

DROP TABLE IF EXISTS `yl_roleright`;

CREATE TABLE `yl_roleright` (
  `right_id` char(10) NOT NULL,
  `right_name` varchar(20) NOT NULL,
  `menu_id` char(10) NOT NULL,
  `url` varchar(100) NOT NULL,
  `type` char(1) NOT NULL COMMENT '是否允许加入快捷操作',
  `remark` varchar(200) DEFAULT NULL,
  PRIMARY KEY (`right_id`)
) ENGINE=InnoDB DEFAULT CHARSET=utf8;

/*Data for the table `yl_roleright` */

insert  into `yl_roleright`(`right_id`,`right_name`,`menu_id`,`url`,`type`,`remark`) values ('1141585747','角色新增','2321316283','/admin/role/add.action,/admin/role/insert.action','0',''),('1277871188','日志清空','1325121777','/admin/logs/deleteall.action','0',''),('1412251277','职位修改','6817844587','/admin/position/view.action,/admin/position/update.action','1',''),('1734283482','操作权限删除','1864581173','/admin/roleright/delete.action','1',''),('2232322216','菜单新增','5556676119','/admin/menu/add.action,/admin/menu/insert.action','0','菜单新增'),('2257884182','日志删除','1325121777','/admin/logs/delete.action','1',''),('2356825574','日志列表','1325121777','/admin/logs/index.action','0',''),('2425487258','部门列表','6254426834','/admin/organize/index.action','0',''),('2542223266','系统参数值新增','4568146414','/admin/paravalue/add.action,/admin/paravalue/insert.action','0',''),('3325153262','常用操作列表','2716345387','/admin/oftenoperate/index.action','0',''),('3418673842','操作权限新增','1864581173','/admin/roleright/add.action,/admin/roleright/insert.action','0',''),('3445465674','菜单删除','5556676119','/admin/menu/delete.action','1',''),('3553563264','用户新增','3368345788','/admin/user/add.action,/admin/user/insert.action','0',''),('3581778477','系统配置删除','4375864855','/admin/config/delete.action','1',''),('3582486573','系统参数值修改','4568146414','/admin/paravalue/view.action,/admin/paravalue/update.action','1',''),('4151236324','部门新增','6254426834','/admin/organize/add.action,/admin/organize/insert.action','0',''),('4487873742','常用操作新增','2716345387','/admin/oftenoperate/add.action,/admin/oftenoperate/insert.action,/admin/oftenoperate/addop.action','0',''),('4565623245','菜单列表','5556676119','/admin/menu/index.action','0',''),('4642488435','用户修改','3368345788','/admin/user/view.action,/admin/user/update.action','1',''),('4677715217','角色修改','2321316283','/admin/role/view.action,/admin/role/update.action','1',''),('4766323524','系统参数值列表','4568146414','/admin/paravalue/index.action','0',''),('5263185746','常用操作删除','2716345387','/admin/oftenoperate/delete.action','1',''),('5283528366','系统参数删除','4568146414','/admin/parach/delete.action','1',''),('5434648653','系统参数值删除','4568146414','/admin/paravalue/delete.action','1',''),('5538853113','用户删除','3368345788','/admin/user/delete.action','1',''),('5563571842','系统参数列表','4568146414','/admin/parach/index.action','0',''),('6185288113','系统配置修改','4375864855','/admin/config/view.action,/admin/config/update.action','1',''),('6315287554','部门删除','6254426834','/admin/organize/delete.action','1',''),('6458435414','常用操作修改','2716345387','/admin/oftenoperate/view.action,/admin/oftenoperate/update.action','1',''),('6488471357','操作权限列表','1864581173','/admin/roleright/index.action','0',''),('6767459867','菜单修改','5556676119','/admin/menu/view.action,/admin/menu/update.action','1',''),('7268576155','角色删除','2321316283','/admin/role/delete.action','1',''),('7322622341','职位新增','6817844587','/admin/position/add.action,/admin/position/insert.action','0',''),('7352314453','职位列表','6817844587','/admin/position/index.action','0',''),('7453153587','部门修改','6254426834','/admin/organize/view.action,/admin/organize/update.action','1',''),('7484413528','系统参数新增','4568146414','/admin/parach/add.action,/admin/parach/insert.action','0',''),('7624485183','操作权限修改','1864581173','/admin/roleright/view.action,/admin/roleright/update.action','1',''),('7835745347','用户列表','3368345788','/admin/user/index.action','0',''),('8232368865','角色列表','2321316283','/admin/role/index.action','0',''),('8518435821','系统参数修改','4568146414','/admin/parach/view.action,/admin/parach/update.action','1',''),('8537255761','职位删除','6817844587','/admin/position/delete.action','1',''),('8587222236','系统配置新增','4375864855','/admin/config/add.action,/admin/config/insert.action','0',''),('8887561121','系统配置列表','4375864855','/admin/config/index.action','0','');

/*Table structure for table `yl_user` */

DROP TABLE IF EXISTS `yl_user`;

CREATE TABLE `yl_user` (
  `user_id` mediumint(11) NOT NULL AUTO_INCREMENT,
  `user_name` varchar(20) NOT NULL,
  `passwd` varchar(32) NOT NULL,
  `user_type` char(1) NOT NULL DEFAULT '0',
  `org_id` char(10) NOT NULL,
  `role_id` mediumint(11) NOT NULL,
  `pos_id` mediumint(11) NOT NULL,
  `real_name` varchar(20) NOT NULL,
  `img_path` varchar(100) DEFAULT NULL,
  `birth` varchar(20) DEFAULT NULL,
  `office_phone` varchar(20) DEFAULT NULL,
  `fax` varchar(20) DEFAULT NULL,
  `cellphone` varchar(20) DEFAULT NULL,
  `home_phone` varchar(20) DEFAULT NULL,
  `email` varchar(60) DEFAULT NULL,
  `address` varchar(50) DEFAULT NULL,
  `post_code` varchar(10) DEFAULT NULL,
  `state_code` char(1) NOT NULL,
  `in_date` datetime NOT NULL,
  PRIMARY KEY (`user_id`)
) ENGINE=InnoDB AUTO_INCREMENT=5 DEFAULT CHARSET=utf8;

/*Data for the table `yl_user` */

insert  into `yl_user`(`user_id`,`user_name`,`passwd`,`user_type`,`org_id`,`role_id`,`pos_id`,`real_name`,`img_path`,`birth`,`office_phone`,`fax`,`cellphone`,`home_phone`,`email`,`address`,`post_code`,`state_code`,`in_date`) values (1,'lll','96e79218965eb72c92a549dd5a330112','1','8516245154',4,2,'22','22','2013-05-08','222','222','222','222','222@s.com','112222','222','1','2012-10-10 00:00:00'),(3,'tttttt','96e79218965eb72c92a549dd5a330112','0','3527524366',2,7,'','','','','','','','','','','1','2013-05-31 21:52:21'),(4,'rrrrrr','rrrrrr','0','3218181268',1,0,'','','','','','','','','','','1','2013-05-31 22:02:55');

/*!40101 SET SQL_MODE=@OLD_SQL_MODE */;
/*!40014 SET FOREIGN_KEY_CHECKS=@OLD_FOREIGN_KEY_CHECKS */;
/*!40014 SET UNIQUE_CHECKS=@OLD_UNIQUE_CHECKS */;
/*!40111 SET SQL_NOTES=@OLD_SQL_NOTES */;
